
[{
			"nome": "Rodrigo Carlos Eduardo Vitor Bernardes",
			"cpf": "68872563550",
			"telefone": "71988473870",
			"email": "rrodrigocarloseduardovitorbernardes@mac.com",
			"cep": "40250050",
			"rua": "Travessa Candeias",
			"bairro": "Cosme de Farias",
			"cidade": "Salvador",
			"estado": "BA"
		},
		{
			"nome": "Thomas Tiago Baptista",
			"cpf": "45111862510",
			"telefone": "71989473446",
			"email": "thomastiagobaptista.thomastiagobaptista@dr.com",
			"cep": "40255050",
			"rua": "Avenida Almeida Santos",
			"bairro": "Matatu",
			"cidade": "Salvador",
			"estado": "BA"
		},
		{
			"nome": "Davi Edson Erick Ribeiro",
			"cpf": "34139880503",
			"telefone": "71982833679",
			"email": "daviedsonerickribeiro_daviedsonerickribeiro@contabilidadelibra.com.br",
			"cep": "40435050",
			"rua": "Avenida Irmãos Gêmeos",
			"bairro": "Massaranduba",
			"cidade": "Salvador",
			"estado": "BA"
		}
	]
